{
    "0.500": [
        0.6104,
        0.6105,
        0.6129,
        0.6112666666666667
    ],
    "0.520": [
        0.6097,
        0.6112,
        0.6117,
        0.6108666666666666
    ],
    "0.540": [
        0.609,
        0.6108,
        0.6123,
        0.6107
    ],
    "0.560": [
        0.6093,
        0.6094,
        0.6104,
        0.6097
    ],
    "0.580": [
        0.6118,
        0.6105,
        0.6081,
        0.6101333333333333
    ],
    "0.600": [
        0.6105,
        0.6099,
        0.6108,
        0.6104
    ],
    "0.620": [
        0.6086,
        0.6106,
        0.6109,
        0.6100333333333333
    ],
    "0.640": [
        0.6102,
        0.608,
        0.6088,
        0.609
    ],
    "0.660": [
        0.6084,
        0.6101,
        0.6119,
        0.6101333333333333
    ],
    "0.680": [
        0.6096,
        0.6079,
        0.6101,
        0.6092
    ],
    "0.700": [
        0.6072,
        0.6088,
        0.6099,
        0.6086333333333332
    ],
    "0.720": [
        0.609,
        0.6066,
        0.6075,
        0.6077
    ],
    "0.740": [
        0.6101,
        0.607,
        0.6084,
        0.6084999999999999
    ],
    "0.760": [
        0.6072,
        0.6075,
        0.607,
        0.6072333333333334
    ],
    "0.780": [
        0.609,
        0.6074,
        0.6057,
        0.6073666666666667
    ],
    "0.800": [
        0.6096,
        0.6044,
        0.6088,
        0.6076
    ],
    "0.820": [
        0.6073,
        0.6056,
        0.6091,
        0.6073333333333333
    ],
    "0.840": [
        0.6063,
        0.6014,
        0.6062,
        0.6046333333333332
    ],
    "0.860": [
        0.6084,
        0.6018,
        0.6055,
        0.6052333333333334
    ],
    "0.880": [
        0.5997,
        0.6072,
        0.6044,
        0.6037666666666667
    ],
    "0.900": [
        0.5971,
        0.5985,
        0.5997,
        0.5984333333333334
    ],
    "0.901": [
        0.6039,
        0.6009,
        0.5896,
        0.5981333333333333
    ],
    "0.902": [
        0.6017,
        0.6019,
        0.5923,
        0.5986333333333334
    ],
    "0.903": [
        0.6017,
        0.6012,
        0.6036,
        0.6021666666666667
    ],
    "0.904": [
        0.6016,
        0.5944,
        0.594,
        0.5966666666666667
    ],
    "0.905": [
        0.5963,
        0.59,
        0.6,
        0.5954333333333334
    ],
    "0.906": [
        0.5953,
        0.6034,
        0.6012,
        0.5999666666666666
    ],
    "0.907": [
        0.5943,
        0.5978,
        0.5945,
        0.5955333333333334
    ],
    "0.908": [
        0.6008,
        0.5875,
        0.5977,
        0.5953333333333334
    ],
    "0.909": [
        0.5959,
        0.5989,
        0.5942,
        0.5963333333333333
    ],
    "0.910": [
        0.5956,
        0.6003,
        0.5986,
        0.5981666666666666
    ],
    "0.911": [
        0.5993,
        0.5968,
        0.5933,
        0.5964666666666667
    ],
    "0.912": [
        0.5996,
        0.5999,
        0.593,
        0.5975
    ],
    "0.913": [
        0.5958,
        0.5926,
        0.599,
        0.5958
    ],
    "0.914": [
        0.5969,
        0.597,
        0.5884,
        0.5941
    ],
    "0.915": [
        0.5932,
        0.5959,
        0.5924,
        0.5938333333333333
    ],
    "0.916": [
        0.5937,
        0.5929,
        0.5905,
        0.5923666666666666
    ],
    "0.917": [
        0.5939,
        0.598,
        0.6,
        0.5973
    ],
    "0.918": [
        0.5948,
        0.5973,
        0.5981,
        0.5967333333333333
    ],
    "0.919": [
        0.5969,
        0.5928,
        0.5957,
        0.5951333333333334
    ],
    "0.920": [
        0.59,
        0.604,
        0.5874,
        0.5938
    ],
    "0.921": [
        0.5938,
        0.597,
        0.5915,
        0.5941
    ],
    "0.922": [
        0.5993,
        0.5939,
        0.5978,
        0.597
    ],
    "0.923": [
        0.5913,
        0.585,
        0.5941,
        0.5901333333333333
    ],
    "0.924": [
        0.5887,
        0.5959,
        0.5926,
        0.5924
    ],
    "0.925": [
        0.582,
        0.5853,
        0.5974,
        0.5882333333333333
    ],
    "0.926": [
        0.595,
        0.5917,
        0.5942,
        0.5936333333333333
    ],
    "0.927": [
        0.5872,
        0.5936,
        0.6063,
        0.5957
    ],
    "0.928": [
        0.5891,
        0.5925,
        0.588,
        0.5898666666666667
    ],
    "0.929": [
        0.5985,
        0.5973,
        0.5939,
        0.5965666666666668
    ],
    "0.930": [
        0.5915,
        0.5901,
        0.5907,
        0.5907666666666667
    ],
    "0.931": [
        0.5821,
        0.5926,
        0.5904,
        0.5883666666666667
    ],
    "0.932": [
        0.5833,
        0.5782,
        0.585,
        0.5821666666666667
    ],
    "0.933": [
        0.5902,
        0.5873,
        0.5822,
        0.5865666666666667
    ],
    "0.934": [
        0.593,
        0.5906,
        0.5891,
        0.5909
    ],
    "0.935": [
        0.58,
        0.5882,
        0.5833,
        0.5838333333333333
    ],
    "0.936": [
        0.584,
        0.5874,
        0.5902,
        0.5872
    ],
    "0.937": [
        0.5884,
        0.586,
        0.5867,
        0.5870333333333333
    ],
    "0.938": [
        0.5632,
        0.584,
        0.5829,
        0.5767
    ],
    "0.939": [
        0.5821,
        0.5838,
        0.584,
        0.5832999999999999
    ],
    "0.940": [
        0.5866,
        0.5864,
        0.5868,
        0.5866
    ],
    "0.941": [
        0.568,
        0.5947,
        0.5877,
        0.5834666666666667
    ],
    "0.942": [
        0.5882,
        0.5878,
        0.5841,
        0.5867
    ],
    "0.943": [
        0.5643,
        0.583,
        0.5786,
        0.5753
    ],
    "0.944": [
        0.585,
        0.586,
        0.5724,
        0.5811333333333333
    ],
    "0.945": [
        0.5759,
        0.5921,
        0.5659,
        0.5779666666666666
    ],
    "0.946": [
        0.575,
        0.573,
        0.591,
        0.5796666666666667
    ],
    "0.947": [
        0.5331,
        0.5765,
        0.5824,
        0.564
    ],
    "0.948": [
        0.5791,
        0.5851,
        0.5749,
        0.5797
    ],
    "0.949": [
        0.5743,
        0.57,
        0.5779,
        0.5740666666666666
    ],
    "0.950": [
        0.5752,
        0.5663,
        0.5507,
        0.5640666666666667
    ],
    "0.951": [
        0.5753,
        0.557,
        0.5507,
        0.561
    ],
    "0.952": [
        0.5802,
        0.5722,
        0.57,
        0.5741333333333333
    ],
    "0.953": [
        0.5498,
        0.521,
        0.5596,
        0.5434666666666667
    ],
    "0.954": [
        0.5833,
        0.5675,
        0.5709,
        0.5739
    ],
    "0.955": [
        0.5542,
        0.5514,
        0.5471,
        0.5509
    ],
    "0.956": [
        0.5213,
        0.5682,
        0.5493,
        0.5462666666666668
    ],
    "0.957": [
        0.5645,
        0.5678,
        0.5393,
        0.5571999999999999
    ],
    "0.958": [
        0.5673,
        0.5716,
        0.5825,
        0.5738
    ],
    "0.959": [
        0.5682,
        0.5659,
        0.5799,
        0.5713333333333334
    ],
    "0.960": [
        0.5853,
        0.5523,
        0.559,
        0.5655333333333333
    ],